Token,IOB2
Last,O
updated,O
on,O
November,O
1,O
,,O
2025,O
Mana,B-ARTIFACT
Crypt,I-ARTIFACT
Illustration,O
by,O
Dominik,O
Mayer,O
Artifacts,O
are,O
as,O
integral,O
to,O
Magic,O
as,O
creatures,O
and,O
lands,O
,,O
and,O
they,O
’,O
ve,O
been,O
around,O
since,O
the,O
beginning,O
.,O

They,O
’,O
re,O
essentials,O
in,O
every,O
new,O
Magic,O
set,O
,,O
sometimes,O
with,O
entire,O
planes,O
or,O
blocks,O
use,O
artifacts,O
as,O
a,O
central,O
theme,O
.,O

Mirrodin,O
block,O
,,O
Kaladesh,O
block,O
,,O
and,O
Antiquities,O
are,O
just,O
a,O
few,O
examples,O
of,O
sets,O
that,O
put,O
artifacts,O
front,O
and,O
center,O
.,O

They,O
also,O
are,O
a,O
driving,O
force,O
in,O
the,O
lore,O
.,O

Mirari,B-ARTIFACT
,,O
The,B-ARTIFACT
Immortal,I-ARTIFACT
Sun,I-ARTIFACT
,,O
Helvault,B-ARTIFACT
,,O
Legacy,B-ARTIFACT
Weapon,I-ARTIFACT
,,O
and,O
The,B-PLANESWALKER
Aetherspark,I-PLANESWALKER
…,O
the,O
list,O
continues,O
.,O

Feels,O
like,O
we,O
always,O
travel,O
to,O
new,O
planes,O
in,O
search,O
of,O
some,O
mystical,O
hunk,O
of,O
metal,O
that,O
turns,O
the,O
tides,O
of,O
whatever,O
multiversal,O
war,O
is,O
going,O
on,O
.,O

I,O
combed,O
through,O
thousands,O
of,O
artifacts,O
to,O
deliver,O
you,O
the,O
best,O
of,O
the,O
best,O
,,O
so,O
let,O
’,O
s,O
lay,O
down,O
some,O
ground,O
rules,O
and,O
get,O
to,O
it,O
.,O

What,O
Are,O
Artifacts,O
in,O
MTG,O
?,O
Mycosynth,B-ARTIFACT
Lattice,I-ARTIFACT
Illustration,O
by,O
Anthony,O
S.,O
Waters,O
Artifact,O
is,O
one,O
of,O
the,O
original,O
card,O
types,O
in,O
Magic,O
.,O

They,O
’,O
re,O
similar,O
to,O
enchantments,O
in,O
that,O
they,O
’,O
re,O
permanents,O
that,O
stay,O
on,O
the,O
battlefield,O
once,O
they,O
resolve,O
,,O
but,O
they,O
tend,O
to,O
have,O
a,O
different,O
flavor,O
and,O
purpose,O
than,O
enchantments,O
.,O

Artifacts,O
were,O
always,O
colorless,O
for,O
a,O
long,O
time,O
,,O
but,O
modern,O
Magic,O
allows,O
colored,O
mana,O
symbols,O
in,O
the,O
casting,O
costs,O
of,O
artifacts,O
.,O

They,O
also,O
have,O
several,O
common,O
subtypes,O
,,O
from,O
equipment,O
to,O
vehicles,O
,,O
and,O
it,O
’,O
s,O
often,O
used,O
as,O
the,O
card,O
type,O
for,O
tchotchke,O
tokens,O
like,O
Treasure,B-ARTIFACT
,,O
Food,B-ARTIFACT
,,O
and,O
Blood,B-ARTIFACT
.,O

To,O
keep,O
this,O
list,O
focused,O
on,O
the,O
absolute,O
best,O
of,O
the,O
best,O
,,O
I,O
pick,O
out,O
only,O
the,O
most,O
universally,O
powerful,O
artifacts,O
from,O
smaller,O
subsets,O
of,O
cards,O
.,O

You,O
could,O
write,O
entire,O
best-of,O
articles,O
for,O
constructs,O
,,O
equipment,O
,,O
mana,O
rocks,O
,,O
myr,O
,,O
thopters,O
,,O
and,O
so,O
on,O
(,O
and,O
we,O
have,O
!,O
),O
,,O
so,O
check,O
those,O
out,O
for,O
more,O
comprehensive,O
lists,O
of,O
those,O
individual,O
types,O
of,O
cards,O
.,O

Commander,O
is,O
the,O
focal,O
point,O
,,O
since,O
a,O
category,O
with,O
this,O
many,O
cards,O
needs,O
to,O
be,O
narrowed,O
down,O
to,O
avoid,O
weaving,O
in,O
between,O
too,O
many,O
different,O
formats,O
.,O

I,O
also,O
evaluate,O
cards,O
from,O
the,O
perspective,O
of,O
how,O
they,O
perform,O
in,O
modern,O
Magic,O
.,O

An,O
older,O
version,O
of,O
this,O
list,O
could,O
[,O
rightfully,O
],O
include,O
cards,O
like,O
Gilded,B-ARTIFACT
Lotus,I-ARTIFACT
,,O
Illusionist,B-ARTIFACT
's,I-ARTIFACT
Bracers,I-ARTIFACT
,,O
and,O
Primal,B-ARTIFACT
Amulet,I-ARTIFACT
,,O
which,O
still,O
very,O
much,O
have,O
a,O
home,O
in,O
Commander,O
,,O
but,O
they,O
no,O
longer,O
stand,O
up,O
to,O
the,O
best,O
of,O
the,O
best,O
artifacts,O
.,O

This,O
is,O
all,O
from,O
personal,O
perspective,O
,,O
so,O
I,O
’,O
ll,O
undoubtably,O
either,O
miss,O
one,O
of,O
your,O
favorites,O
or,O
leave,O
it,O
off,O
intentionally,O
.,O

Before,O
you,O
pick,O
up,O
the,O
banners,O
,,O
torches,O
and,O
pitchforks,O
,,O
join,O
me,O
in,O
the,O
comments,O
and,O
make,O
a,O
case,O
for,O
why,O
you,O
think,O
a,O
card,O
deserves,O
to,O
make,O
the,O
list,O
!,O
I,O
normally,O
wouldn,O
’,O
t,O
include,O
ban,O
list,O
cards,O
,,O
but,O
c,O
’,O
mon,O
,,O
I,O
can,O
’,O
t,O
leave,O
Black,B-ARTIFACT
Lotus,I-ARTIFACT
off,O
a,O
list,O
of,O
best,O
artifacts,O
,,O
can,O
I,O
?,O
I,O
evaluate,O
ban,O
list,O
cards,O
based,O
on,O
how,O
they,O
would,O
perform,O
if,O
they,O
were,O
legal,O
in,O
Commander,O
.,O

Final,O
note,O
,,O
I,O
’,O
m,O
intentionally,O
ignoring,O
cards,O
from,O
the,O
following,O
categories,O
:,O
#,O
100,O
.,O

Leveler,B-ARTIFACT
Just,O
kidding,O
.,O

Alright,O
,,O
let,O
's,O
quit,O
playing,O
around,O
with,O
weird,O
artifacts,O
,,O
we,O
’,O
ve,O
got,O
a,O
lotta,O
actually,O
good,O
cards,O
to,O
get,O
to,O
.,O
#,O
100,O
.,O

Ancestral,B-ARTIFACT
Statue,I-ARTIFACT
First,O
up,O
is,O
Ancestral,B-ARTIFACT
Statue,I-ARTIFACT
,,O
a,O
colorless,O
combo,O
piece,O
that,O
easily,O
facilitates,O
infinite,O
ETBs,O
.,O

It,O
’,O
s,O
most,O
commonly,O
used,O
with,O
Animar,B-ARTIFACT
,,I-ARTIFACT
Soul,I-ARTIFACT
of,I-ARTIFACT
Elements,I-ARTIFACT
,,O
Rakdos,B-ARTIFACT
,,I-ARTIFACT
Lord,I-ARTIFACT
of,I-ARTIFACT
Riots,I-ARTIFACT
,,O
and,O
other,O
cost,O
reduction,O
commanders,O
,,O
paired,O
with,O
ETB,O
payoffs,O
like,O
Impact,B-ENCHANTMENT
Tremors,O
.,O
#,O
99,O
.,O

The,B-ARTIFACT
Chain,I-ARTIFACT
Veil,I-ARTIFACT
One,O
of,O
the,O
earliest,O
planeswalker,O
payoffs,O
,,O
The,B-ARTIFACT
Chain,I-ARTIFACT
Veil,I-ARTIFACT
serves,O
one,O
of,O
two,O
purposes,O
.,O

Either,O
A,O
:,O
doubling,O
planeswalker,O
activations,O
,,O
as,O
intended,O
.,O

Or,O
B,O
:,O
going,O
infinite,O
with,O
‘,O
walkers,O
that,O
untap,O
permanents,O
.,O
#,O
98,O
.,O

Throne,B-ARTIFACT
of,I-ARTIFACT
the,I-ARTIFACT
God-Pharaoh,I-ARTIFACT
Throne,B-ARTIFACT
of,I-ARTIFACT
the,I-ARTIFACT
God-Pharaoh,I-ARTIFACT
provides,O
passive,O
direct,O
damage,O
for,O
decks,O
that,O
are,O
great,O
at,O
getting,O
their,O
own,O
creatures,O
tapped,O
.,O

Vehicles,O
can,O
help,O
you,O
side-step,O
combat,O
,,O
and,O
it,O
’,O
s,O
basically,O
a,O
2-mana,O
damage,O
doubler,O
for,O
a,O
board,O
full,O
of,O
1/1s,O
.,O
#,O
97,O
.,O

Steel,B-ARTIFACT
Hellkite,I-ARTIFACT
The,O
glory,O
days,O
may,O
be,O
gone,O
,,O
but,O
Steel,B-ARTIFACT
Hellkite,I-ARTIFACT
can,O
still,O
wreak,O
havoc,O
on,O
boards,O
,,O
especially,O
ones,O
populated,O
by,O
tokens,O
.,O

Apparently,O
,,O
this,O
card,O
had,O
firebreathing,O
the,O
entire,O
time,O
?,O
Who,O
knew,O
?,O
#,O
96,O
.,O

Altar,B-ARTIFACT
of,I-ARTIFACT
the,I-ARTIFACT
Brood,I-ARTIFACT
“,O
Altar,O
”,O
in,O
Magic,O
may,O
as,O
well,O
mean,O
“,O
infinite,O
combo.,O
”,O
Altar,B-ARTIFACT
of,I-ARTIFACT
the,I-ARTIFACT
Brood,I-ARTIFACT
turns,O
infinite,O
ETBs,O
into,O
infinite,O
mill,O
,,O
and,O
it,O
counts,O
any,O
type,O
of,O
permanent,O
entering,O
the,O
battlefield,O
.,O
#,O
95,O
.,O

Metalworker,B-ARTIFACT
Metalworker,B-ARTIFACT
’,O
s,O
an,O
artifact-matters,O
creature,O
that,O
can,O
effortlessly,O
tap,O
for,O
upwards,O
of,O
6,O
mana,O
.,O

That,O
makes,O
it,O
one,O
of,O
the,O
most,O
explosive,O
mana,O
dorks,O
in,O
Magic,O
,,O
though,O
a,O
$,O
100+,O
price,O
tag,O
means,O
you,O
don,O
’,O
t,O
see,O
it,O
at,O
tables,O
too,O
often,O
.,O
#,O
94,O
.,O

Mycosynth,B-ARTIFACT
Lattice,I-ARTIFACT
There,O
are,O
easier,O
ways,O
to,O
lock,O
players,O
out,O
of,O
a,O
game,O
,,O
but,O
Mycosynth,B-ARTIFACT
Lattice,I-ARTIFACT
does,O
the,O
trick,O
with,O
any,O
card,O
that,O
stops,O
activated,O
abilities,O
from,O
artifacts,O
.,O

Try,O
Karn,B-PLANESWALKER
,,I-PLANESWALKER
the,I-PLANESWALKER
Great,I-PLANESWALKER
Creator,I-PLANESWALKER
for,O
the,O
one-sided,O
version,O
,,O
or,O
Stony,B-ENCHANTMENT
Silence,I-ENCHANTMENT
to,O
get,O
in,O
on,O
the,O
[,O
in,O
],O
action,O
yourself,O
!,O
#,O
93,O
.,O

Vedalken,B-ARTIFACT
Orrery,I-ARTIFACT
Vedalken,B-ARTIFACT
Orrery,I-ARTIFACT
provides,O
an,O
effect,O
that,O
literally,O
any,O
deck,O
’,O
s,O
happy,O
to,O
have,O
,,O
but,O
it,O
’,O
s,O
just,O
hard,O
to,O
run,O
a,O
4-mana,O
“,O
do-nothing,O
”,O
and,O
hope,O
you,O
untap,O
with,O
it,O
unscathed,O
.,O

Maybe,O
cast,O
this,O
later,O
in,O
the,O
game,O
when,O
you,O
can,O
flash,O
something,O
in,O
to,O
protect,O
it,O
.,O
#,O
92,O
.,O

Staff,B-ARTIFACT
of,I-ARTIFACT
Domination,I-ARTIFACT
Dominant,O
no,O
more,O
,,O
my,O
friend,O
.,O

Staff,B-ARTIFACT
of,I-ARTIFACT
Domination,I-ARTIFACT
is,O
a,O
popular,O
infinite,O
mana,O
sink,O
,,O
but,O
it,O
’,O
s,O
not,O
really,O
used,O
for,O
its,O
random,O
utility,O
modes,O
anymore,O
.,O

Some,O
decks,O
are,O
interested,O
in,O
the,O
untap,O
effect,O
,,O
but,O
it,O
’,O
s,O
mainly,O
a,O
win-con,O
with,O
an,O
arbitrarily,O
large,O
amount,O
of,O
mana,O
.,O
#,O
91,O
.,O

Torpor,B-ARTIFACT
Orb,I-ARTIFACT
Torpor,B-ARTIFACT
Orb,I-ARTIFACT
’,O
s,O
effect,O
appears,O
on,O
multiple,O
different,O
cards,O
,,O
but,O
mostly,O
on,O
creatures,O
that,O
can,O
be,O
removed,O
easily,O
.,O

ETB/,O
flicker,O
decks,O
rely,O
on,O
their,O
creatures,O
to,O
deal,O
with,O
artifacts/enchantments,O
,,O
so,O
Torpor,B-ARTIFACT
Orb,I-ARTIFACT
could,O
lock,O
a,O
deck,O
like,O
that,O
out,O
of,O
the,O
game,O
.,O

Friendly,O
reminder,O
to,O
flicker,O
decks,O
everywhere,O
to,O
always,O
pack,O
a,O
few,O
instants,O
/,O
sorceries,O
to,O
deal,O
with,O
permanents,O
like,O
this,O
.,O
#,O
90,O
.,O

Thaumatic,B-ARTIFACT
Compass,I-ARTIFACT
/,I-ARTIFACT
Spires,I-ARTIFACT
of,I-ARTIFACT
Orazca,I-ARTIFACT
Half,I-ARTIFACT
Journeyer,B-ARTIFACT
's,I-ARTIFACT
Kite,I-ARTIFACT
,,O
half,O
Maze,B-LAND
of,I-LAND
Ith,I-LAND
,,O
Thaumatic,B-ARTIFACT
Compass,I-ARTIFACT
is,O
a,O
pet,O
card,O
that,O
asks,O
very,O
little,O
of,O
you,O
but,O
gives,O
you,O
plenty,O
of,O
utility,O
for,O
a,O
cheap,O
initial,O
investment,O
.,O

It,O
even,O
gets,O
you,O
out,O
of,O
early-game,O
mana,O
ruts,O
and,O
works,O
towards,O
its,O
own,O
goal,O
of,O
transforming,O
into,O
Spires,B-ARTIFACT
of,I-ARTIFACT
Orazca,I-ARTIFACT
.,O
#,O
89,O
.,O

Illustrious,B-CREATURE
Wanderglyph,I-CREATURE
Illustrious,B-CREATURE
Wanderglyph,I-CREATURE
repurposes,O
the,O
Tendershoot,B-CREATURE
Dryad,I-CREATURE
design,O
for,O
artifact,O
creatures,O
.,O

It,O
actually,O
ascends,O
to,O
be,O
better,O
than,O
its,O
inspiration,O
since,O
the,O
Tempered,B-ENCHANTMENT
Steel,I-ENCHANTMENT
effect,O
counts,O
all,O
your,O
other,O
artifact,O
creatures,O
,,O
not,O
just,O
the,O
Gnome,B-ARTIFACT
s,I-ARTIFACT
created,O
by,O
this,O
effect,O
.,O
#,O
88,O
.,O

Helm,B-ARTIFACT
of,I-ARTIFACT
the,I-ARTIFACT
Host,I-ARTIFACT
A,O
fan,O
favorite,O
,,O
but,O
a,O
citizen,O
of,O
Clunk,O
City,O
nonetheless,O
.,O

Players,O
love,O
Helm,B-ARTIFACT
of,I-ARTIFACT
the,I-ARTIFACT
Host,I-ARTIFACT
,,O
even,O
when,O
they,O
’,O
re,O
not,O
aiming,O
for,O
a,O
one-shot,O
kill,O
alongside,O
Godo,B-CREATURE
,,I-CREATURE
Bandit,I-CREATURE
Warlord,I-CREATURE
,,O
Combat,B-CREATURE
Celebrant,I-CREATURE
,,O
or,O
a,O
host,O
of,O
other,O
extra,O
combat,O
cards,O
.,O

Helm,O
’,O
s,O
incredibly,O
expensive,O
to,O
cast,O
and,O
equip,O
,,O
but,O
who,O
am,O
I,O
to,O
step,O
between,O
a,O
card,O
and,O
its,O
loyal,O
fanbase,O
?,O
#,O
87,O
.,O

Reckoner,B-ARTIFACT
Bankbuster,I-ARTIFACT
You,O
probably,O
know,O
Reckoner,B-ARTIFACT
Bankbuster,I-ARTIFACT
from,O
its,O
long,O
,,O
banworthy,O
stint,O
in,O
Standard,O
,,O
though,O
I,O
encourage,O
players,O
to,O
test,O
it,O
out,O
in,O
Commander,O
too,O
,,O
especially,O
in,O
decks,O
seeking,O
more,O
card,O
advantage,O
.,O

It,O
caps,O
out,O
at,O
three,O
cards,O
(,O
proliferate,O
,,O
anyone,O
?,O
),O
,,O
but,O
it,O
also,O
leaves,O
you,O
up,O
a,O
Treasure,B-ARTIFACT
,,O
a,O
1-Jan,O
token,O
,,O
and,O
a,O
4-Apr,O
vehicle,O
after,O
the,O
bank,O
heist,O
is,O
over,O
.,O
#,O
86,O
.,O

Myr,B-ARTIFACT
Battlesphere,I-ARTIFACT
Myr,B-ARTIFACT
Battlesphere,I-ARTIFACT
,,O
aka,O
“,O
Battleball,O
,,O
”,O
is,O
still,O
respectable,O
top-end,O
if,O
all,O
you,O
care,O
about,O
is,O
making,O
a,O
bunch,O
of,O
artifacts,O
.,O

The,O
attack,O
trigger,O
is,O
and,O
always,O
has,O
been,O
largely,O
forgettable,O
,,O
but,O
five,O
artifacts,O
for,O
7,O
mana,O
is,O
exactly,O
what,O
some,O
decks,O
want,O
.,O

Check,O
out,O
Threefold,B-ARTIFACT
Thunderhulk,I-ARTIFACT
as,O
a,O
slick,O
riff,O
on,O
Battleball,O
.,O
#,O
85,O
.,O

Mox,B-ARTIFACT
Jasper,I-ARTIFACT
Crazy,O
to,O
see,O
a,O
mox,O
ranked,O
this,O
low,O
.,O

A,O
lot,O
of,O
what,O
balances,O
Mox,B-ARTIFACT
Jasper,I-ARTIFACT
is,O
that,O
there,O
are,O
so,O
few,O
ways,O
to,O
control,O
a,O
dragon,O
creature,O
early,O
.,O

So,O
is,O
it,O
a,O
powerful,O
card,O
?,O
Absolutely,O
.,O

Do,O
you,O
need,O
to,O
add,O
dragons,O
to,O
your,O
cherrios,O
deck…,O
maybe,O
.,O
#,O
84,O
.,O

Cloudstone,B-ARTIFACT
Curio,I-ARTIFACT
Cloudstone,B-ARTIFACT
Curio,I-ARTIFACT
from,O
Ravnica,O
:,O
City,O
of,O
Guilds,O
is,O
another,O
infinite,O
combo,O
enabler,O
,,O
though,O
a,O
little,O
trickier,O
to,O
use,O
since,O
it,O
usually,O
requires,O
three,O
separate,O
cards,O
to,O
work,O
.,O

If,O
you,O
encounter,O
it,O
in,O
the,O
wild,O
,,O
you,O
should,O
definitely,O
destroy,O
this,O
artifact,O
if,O
given,O
the,O
chance,O
.,O
#,O
83,O
.,O

Thousand-Year,B-ARTIFACT
Elixir,I-ARTIFACT
Thousand-Year,B-ARTIFACT
Elixir,I-ARTIFACT
’,O
s,O
a,O
handy,O
tool,O
for,O
decks,O
full,O
of,O
creatures,O
with,O
tap,O
abilities,O
.,O

Think,O
Baba,B-CREATURE
Lysaga,I-CREATURE
,,I-CREATURE
Night,I-CREATURE
Witch,I-CREATURE
or,O
Inquisitor,B-CREATURE
Greyfax,I-CREATURE
.,O
#,O
82,O
.,O

Meteor,B-CREATURE
Golem,I-CREATURE
It,O
’,O
s,O
hard,O
work,O
,,O
but,O
it,O
’,O
s,O
an,O
honest,O
living,O
.,O

Meteor,B-CREATURE
Golem,I-CREATURE
’,O
s,O
inefficient,O
,,O
but,O
it,O
makes,O
for,O
a,O
great,O
flicker/,O
reanimate,O
target,O
and,O
gives,O
mono-black,O
decks,O
an,O
out,O
to,O
troublesome,O
permanents,O
.,O

I,O
haven,O
’,O
t,O
touched,O
Spine,B-ARTIFACT
of,I-ARTIFACT
Ish,I-ARTIFACT
Sah,I-ARTIFACT
since,O
Golem,B-CREATURE
was,O
printed,O
,,O
though,O
Spine,O
has,O
its,O
synergies,O
,,O
too,O
.,O
#,O
81,O
.,O

Embercleave,B-ARTIFACT
Believe,O
in,O
the,O
‘,O
Cleave,O
.,O

One,O
of,O
Magic,O
's,O
best,O
red,O
artifacts,O
,,O
Embercleave,B-ARTIFACT
can,O
usually,O
push,O
in,O
a,O
large,O
enough,O
attack,O
to,O
take,O
a,O
player,O
out,O
,,O
though,O
other,O
opponents,O
play,O
more,O
cautiously,O
after,O
that,O
point,O
.,O
#,O
80,O
.,O

Crucible,B-ARTIFACT
of,I-ARTIFACT
Worlds,I-ARTIFACT
Crucible,B-ARTIFACT
of,I-ARTIFACT
Worlds,I-ARTIFACT
holds,O
up,O
in,O
decks,O
that,O
regularly,O
need,O
to,O
replay,O
lands,O
from,O
their,O
graveyard,O
,,O
but,O
this,O
text,O
gets,O
tacked,O
onto,O
so,O
many,O
cards,O
these,O
days,O
that,O
it,O
’,O
s,O
no,O
longer,O
a,O
unique,O
effect,O
.,O
#,O
79,O
.,O

The,B-PLANESWALKER
Aetherspark,I-PLANESWALKER
The,B-PLANESWALKER
Aetherspark,I-PLANESWALKER
has,O
incredible,O
weight,O
in,O
the,O
lore,O
,,O
but,O
it,O
also,O
threatens,O
powerful,O
abilities,O
for,O
any,O
deck,O
that,O
can,O
use,O
it,O
.,O

The,O
loyalty,O
counters,O
can,O
really,O
skyrocket,O
if,O
you,O
deal,O
any,O
saboteur,O
damage,O
.,O

The,O
reward,O
is,O
good,O
card,O
draw,O
,,O
or,O
a,O
huge,O
burst,O
of,O
mana,O
.,O

Is,O
a,O
Slippery,B-CREATURE
Bogle,I-CREATURE
your,O
next,O
best,O
planeswalker,O
?,O
The,O
flexibility,O
to,O
put,O
the,O
Spark,O
on,O
any,O
creature,O
pushes,O
the,O
boundaries,O
of,O
Magic,O
in,O
an,O
exciting,O
way,O
.,O
#,O
78,O
.,O

Conduit,B-ARTIFACT
of,I-ARTIFACT
Worlds,I-ARTIFACT
Conduit,B-ARTIFACT
of,I-ARTIFACT
Worlds,I-ARTIFACT
is,O
a,O
more,O
expensive,O
,,O
color-restricted,O
Crucible,B-ARTIFACT
of,I-ARTIFACT
Worlds,I-ARTIFACT
that,O
also,O
lets,O
you,O
cast,O
a,O
permanent,O
from,O
your,O
graveyard,O
each,O
turn,O
.,O

That,O
restricts,O
you,O
to,O
one,O
spell,O
per,O
turn,O
,,O
but,O
it,O
doesn,O
’,O
t,O
cost,O
you,O
any,O
cards,O
from,O
your,O
hand,O
.,O
#,O
77,O
.,O

Herald,B-ARTIFACT
’,I-ARTIFACT
s,I-ARTIFACT
Horn,I-ARTIFACT
Generic,O
typal,O
artifacts,O
are,O
plentiful,O
,,O
but,O
quick,O
shout,O
out,O
to,O
Herald,B-ARTIFACT
's,I-ARTIFACT
Horn,I-ARTIFACT
,,O
which,O
is,O
one,O
of,O
the,O
best,O
typal,O
support,O
cards,O
.,O

It,O
’,O
s,O
functionally,O
a,O
mana,O
rock,O
that,O
sometimes,O
draws,O
cards,O
for,O
dedicated,O
typal,O
decks,O
.,O

Basically,O
Sol,B-ARTIFACT
Ring,I-ARTIFACT
plus,O
Ancestral,B-INSTANT
Recall,I-INSTANT
.,O
#,O
76,O
.,O

Duplicant,B-CREATURE
Duplicant,B-CREATURE
’,O
s,O
age,O
is,O
definitely,O
showing,O
,,O
but,O
as,O
a,O
colorless,O
card,O
it,O
has,O
advantages,O
,,O
and,O
gives,O
colors,O
that,O
don,O
’,O
t,O
have,O
“,O
187,O
creatures,O
”,O
a,O
clean,O
but,O
expensive,O
way,O
to,O
take,O
out,O
opposing,O
threats,O
.,O
#,O
75,O
.,O

Amulet,B-ARTIFACT
of,I-ARTIFACT
Vigor,I-ARTIFACT
Look,O
!,O
A,O
card,O
that,O
’,O
s,O
good,O
in,O
Commander,O
and,O
great,O
in,O
Constructed,O
.,O

Powerful,O
lands,O
are,O
often,O
balanced,O
by,O
coming,O
into,O
play,O
tapped,O
,,O
and,O
Amulet,B-ARTIFACT
of,I-ARTIFACT
Vigor,I-ARTIFACT
overrides,O
that,O
restriction,O
.,O

Only,O
very,O
specific,O
decks,O
need,O
an,O
effect,O
like,O
this,O
,,O
so,O
it,O
’,O
s,O
not,O
quite,O
a,O
staple,O
.,O
#,O
74,O
.,O

Tiller,B-CREATURE
Engine,I-CREATURE
Tiller,B-CREATURE
Engine,I-CREATURE
is,O
basically,O
Amulet,B-CREATURE
of,I-CREATURE
Vigor,I-CREATURE
with,O
extra,O
text,O
,,O
at,O
least,O
as,O
far,O
as,O
lands,O
are,O
concerned,O
.,O

This,O
almost-,O
landfall,O
abilitycan,O
also,O
tap,O
down,O
opposing,O
non-lands,O
,,O
which,O
is,O
nice,O
added,O
functionality,O
,,O
though,O
being,O
a,O
creature,O
makes,O
it,O
more,O
vulnerable,O
to,O
removal,O
.,O
#,O
73,O
.,O

Monument,B-ARTIFACT
to,I-ARTIFACT
Endurance,I-ARTIFACT
There,O
are,O
so,O
many,O
cards,O
in,O
Magic,O
's,O
history,O
that,O
work,O
nicely,O
with,O
Monument,B-ARTIFACT
to,I-ARTIFACT
Endurance,I-ARTIFACT
,,O
it,O
is,O
easy,O
to,O
make,O
this,O
the,O
centerpiece,O
of,O
a,O
deck,O
.,O

Treasures,B-ARTIFACT
,,O
card,O
draw,O
and,O
a,O
win-condition,O
all,O
tacked,O
onto,O
things,O
your,O
deck,O
already,O
wants,O
to,O
do,O
like,O
cycle,O
,,O
rummage,O
,,O
or,O
wheel,O
.,O
#,O
72,O
.,O

Panharmonicon,B-ARTIFACT
Panharmonicon,B-ARTIFACT
introduced,O
the,O
“,O
double,O
triggers,O
”,O
template,O
,,O
and,O
Wizards,O
has,O
run,O
with,O
that,O
text,O
ever,O
since,O
.,O

It,O
has,O
the,O
Vedalken,B-ARTIFACT
Orrery,I-ARTIFACT
issue,O
where,O
you,O
cross,O
your,O
fingers,O
you,O
untap,O
with,O
it,O
,,O
plus,O
the,O
Crucible,B-ARTIFACT
of,I-ARTIFACT
Worlds,I-ARTIFACT
problem,O
where,O
it,O
’,O
s,O
no,O
longer,O
unique,O
.,O

Doesn,O
’,O
t,O
matter,O
;,O
people,O
will,O
play,O
this,O
card,O
until,O
the,O
end,O
of,O
time,O
.,O
#,O
71,O
.,O

Brudiclad,B-CREATURE
,,I-CREATURE
Telchor,I-CREATURE
Engineer,I-CREATURE
Brudiclad,B-CREATURE
,,I-CREATURE
Telchor,I-CREATURE
Engineer,I-CREATURE
makes,O
good,O
use,O
of,O
all,O
the,O
trinkety,O
artifacts,O
in,O
Magic,O
.,O

It,O
’,O
s,O
fun,O
figuring,O
out,O
the,O
best,O
token,O
you,O
can,O
transform,O
everything,O
into,O
,,O
it,O
takes,O
players,O
from,O
40,O
to,O
dead,O
in,O
an,O
instant,O
,,O
and,O
it,O
gets,O
new,O
support,O
cards,O
just,O
about,O
every,O
set,O
(,O
thanks,O
,,O
Treasure,B-ARTIFACT
tokens,O
!,O
),O
.,O
#,O
70,O
.,O

The,O
Mirrodin,O
Artifact,O
Lands,O
Ah,O
,,O
the,O
lands,O
that,O
broke,O
Standard,O
,,O
but,O
never,O
broke,O
Modern,O
because,O
they,O
were,O
banned,O
from,O
the,O
get-go,O
.,O

These,O
lands,O
are,O
simultaneously,O
great,O
for,O
artifact,O
decks,O
,,O
and,O
dangerous,O
for,O
Commander,O
.,O

Having,O
a,O
land,O
drop,O
supplement,O
your,O
strategy,O
is,O
great,O
,,O
but,O
losing,O
a,O
land,O
to,O
Vandalblast,B-SORCERY
or,O
Farewell,B-SORCERY
is,O
backbreaking,O
.,O

You,O
should,O
not,O
run,O
these,O
without,O
good,O
reason,O
.,O
#,O
69,O
.,O

Cityscape,B-CREATURE
Leveler,I-CREATURE
I,O
like,O
my,O
Leveler,B-CREATURE
s,O
like,O
I,O
like,O
my,O
Eldrazi,O
:,O
leveling,O
cities,O
to,O
the,O
ground,O
.,O

Cityscape,B-CREATURE
Leveler,I-CREATURE
feels,O
like,O
a,O
slightly,O
dumbed,O
down,O
version,O
of,O
Ulamog,B-CREATURE
,,I-CREATURE
the,I-CREATURE
Infinite,I-CREATURE
Gyre,I-CREATURE
,,O
straddling,O
the,O
power,O
territory,O
just,O
below,O
the,O
colorless,O
titans,O
,,O
making,O
it,O
something,O
of,O
an,O
honorary,O
Eldrazi,O
.,O
#,O
68,O
.,O

Vedalken,B-ARTIFACT
Shackles,I-ARTIFACT
Pet,O
card,O
incoming,O
.,O

Vedalken,B-ARTIFACT
Shackles,I-ARTIFACT
does,O
work,O
,,O
provided,O
your,O
mana,O
base,O
leans,O
heavily,O
into,O
Island,B-LAND
s,O
,,O
which,O
includes,O
lands,O
like,O
Xander,B-LAND
's,I-LAND
Lounge,I-LAND
and,O
Watery,B-LAND
Grave,I-LAND
.,O

Fulfil,O
that,O
condition,O
,,O
and,O
you,O
’,O
ve,O
got,O
an,O
on-demand,O
way,O
to,O
grab,O
opposing,O
creatures,O
.,O

Steal,O
something,O
indefinitely,O
or,O
yoink,O
a,O
creature,O
straight,O
out,O
of,O
combat,O
.,O

Better,O
yet,O
,,O
steal,O
a,O
blocker,O
from,O
someone,O
else,O
,,O
chump,O
with,O
it,O
,,O
then,O
untap,O
Shackles,O
and,O
do,O
it,O
again,O
the,O
following,O
turn,O
.,O
#,O
67,O
.,O

Breya,B-CREATURE
,,I-CREATURE
Etherium,I-CREATURE
Shaper,I-CREATURE
Breya,B-CREATURE
,,I-CREATURE
Etherium,I-CREATURE
Shaper,I-CREATURE
was,O
incredibly,O
popular,O
when,O
it,O
first,O
released,O
,,O
but,O
18,O
million,O
new,O
legends,O
will,O
put,O
a,O
damper,O
on,O
any,O
commander,O
’,O
s,O
popularity,O
.,O

Players,O
likely,O
enjoy,O
the,O
artifact,O
commander,O
's,O
open-endedness,O
.,O

You,O
can,O
lean,O
into,O
interesting,O
artifact,O
synergies,O
or,O
go,O
full,O
combo,O
with,O
Nim,B-ARTIFACT
Deathmantle,I-ARTIFACT
and,O
Ashnod,B-ARTIFACT
's,I-ARTIFACT
Altar,I-ARTIFACT
.,O
#,O
66,O
.,O

Thunderhawk,B-ARTIFACT
Gunship,I-ARTIFACT
Thunderhawk,B-ARTIFACT
Gunship,I-ARTIFACT
impressed,O
me,O
out,O
of,O
the,O
Warhammer,O
40k,O
decks,O
.,O

It,O
’,O
s,O
not,O
much,O
of,O
an,O
exaggeration,O
to,O
say,O
this,O
is,O
Grave,B-CREATURE
Titan,I-CREATURE
with,O
wings,O
,,O
and,O
it,O
’,O
s,O
sometimes,O
even,O
better,O
since,O
it,O
jumps,O
your,O
entire,O
team,O
in,O
the,O
air,O
.,O
#,O
65,O
.,O

Sword,B-ARTIFACT
of,I-ARTIFACT
the,I-ARTIFACT
Animist,I-ARTIFACT
It,O
’,O
s,O
funny,O
to,O
think,O
that,O
Treasure,B-ARTIFACT
tokens,O
have,O
somewhat,O
eclipsed,O
other,O
forms,O
of,O
colorless,O
ramp,O
,,O
but,O
I,O
find,O
Sword,B-ARTIFACT
of,I-ARTIFACT
the,I-ARTIFACT
Animist,I-ARTIFACT
still,O
pulls,O
its,O
weight,O
.,O

Check,O
out,O
Bitterthorn,B-ARTIFACT
,,I-ARTIFACT
Nissa,I-ARTIFACT
's,I-ARTIFACT
Animus,I-ARTIFACT
for,O
the,O
Phyrexianized,O
version,O
.,O
#,O
64,O
.,O

Phyrexian,B-CREATURE
Metamorph,I-CREATURE
Phyrexian,B-CREATURE
Metamorph,I-CREATURE
was,O
once,O
the,O
undisputed,O
best,O
clone,O
in,O
Commander,O
,,O
but,O
10+,O
years,O
of,O
set,O
releases,O
have,O
provided,O
competition,O
.,O

It,O
's,O
still,O
one,O
of,O
blue,O
's,O
best,O
artifacts,O
,,O
though,O
:,O
the,O
combination,O
of,O
copying,O
artifacts,O
and,O
effectively,O
costing,O
3,O
colorless,O
mana,O
keeps,O
it,O
relevant,O
.,O
#,O
63,O
.,O

Basalt,B-ARTIFACT
Monolith,I-ARTIFACT
Basalt,B-ARTIFACT
Monolith,I-ARTIFACT
is,O
a,O
fiddly,O
untapping,O
artifact,O
that,O
can,O
give,O
you,O
a,O
burst,O
of,O
mana,O
,,O
though,O
it,O
’,O
s,O
more,O
commonly,O
used,O
for,O
evil,O
.,O

It,O
produces,O
infinite,O
combos,O
with,O
Mesmeric,B-ARTIFACT
Orb,I-ARTIFACT
,,O
Zirda,B-CREATURE
,,I-CREATURE
the,I-CREATURE
Dawnwaker,I-CREATURE
,,O
Rings,B-ARTIFACT
of,I-ARTIFACT
Brighthearth,I-ARTIFACT
,,O
Wake,B-CREATURE
Thrasher,I-CREATURE
…,O
you,O
get,O
the,O
point,O
.,O
#,O
62,O
.,O

The,B-ARTIFACT
Ozolith,I-ARTIFACT
The,O
ultimate,O
counters,O
card,O
,,O
no,O
matter,O
what,O
kind,O
of,O
counters,O
you,O
’,O
re,O
working,O
with,O
,,O
thanks,O
to,O
its,O
excellent,O
leaves-the-battlefield,O
trigger,O
.,O

The,B-ARTIFACT
Ozolith,I-ARTIFACT
would,O
be,O
a,O
must-play,O
1,O
counter,O
card,O
were,O
the,O
price,O
not,O
so,O
high,O
(,O
$,O
20+,O
at,O
the,O
time,O
of,O
writing,O
),O
.,O

It,O
can,O
move,O
any,O
type,O
of,O
counters,O
,,O
including,O
ability,O
counters,O
,,O
which,O
was,O
intentional,O
given,O
its,O
original,O
printing,O
in,O
Ikoria,O
.,O
#,O
61,O
.,O

Staff,B-ARTIFACT
of,I-ARTIFACT
the,I-ARTIFACT
Storyteller,I-ARTIFACT
Staff,B-ARTIFACT
of,I-ARTIFACT
the,I-ARTIFACT
Storyteller,I-ARTIFACT
is,O
an,O
interesting,O
one,O
from,O
Phyexia,O
:,O
All,O
Will,O
Be,O
One,O
Commander,O
,,O
and,O
a,O
cool,O
way,O
to,O
get,O
card,O
advantage,O
in,O
a,O
token,O
deck,O
.,O

Every,O
instance,O
of,O
creating,O
creature,O
tokens,O
is,O
worth,O
a,O
card,O
,,O
though,O
it,O
takes,O
some,O
time,O
and,O
mana,O
to,O
cash,O
in,O
on,O
those,O
story,O
counters,O
.,O
#,O
60,O
.,O

Idol,B-ARTIFACT
of,I-ARTIFACT
Oblivion,I-ARTIFACT
Idol,B-ARTIFACT
of,I-ARTIFACT
Oblivion,I-ARTIFACT
gets,O
the,O
nod,O
over,O
Staff,B-ARTIFACT
of,I-ARTIFACT
the,I-ARTIFACT
Storyteller,I-ARTIFACT
by,O
virtue,O
of,O
being,O
colorless,O
.,O

Though,O
no,O
one,O
’,O
s,O
stopping,O
you,O
from,O
running,O
both,O
behind,O
a,O
white,O
commander,O
!,O
The,O
10-Oct,O
Eldrazi,O
text,O
barely,O
matters,O
;,O
this,O
is,O
just,O
a,O
card,O
draw,O
engine,O
through,O
and,O
through,O
.,O
#,O
59,O
.,O

Angel,B-CREATURE
of,I-CREATURE
the,I-CREATURE
Ruins,I-CREATURE
What,O
’,O
s,O
worse,O
than,O
being,O
an,O
artifact/enchantment,O
deck,O
targeted,O
by,O
Return,B-INSTANT
to,I-INSTANT
Dust,I-INSTANT
?,O
What,O
if,O
it,O
came,O
on,O
a,O
5-Jul,O
flying,O
body,O
that,O
easily,O
cycles,O
into,O
the,O
graveyard,O
for,O
reanimation,O
effects,O
and,O
provides,O
an,O
ETB,O
that,O
’,O
s,O
easy,O
to,O
flicker,O
and,O
reuse,O
?,O
Yeah,O
,,O
that,O
’,O
s,O
Angel,B-CREATURE
of,I-CREATURE
the,I-CREATURE
Ruins,I-CREATURE
,,O
one,O
of,O
the,O
best,O
artifact/enchantment,O
removal,O
effects,O
in,O
white,O
.,O
#,O
58,O
.,O

Sundering,B-CREATURE
Titan,I-CREATURE
Ban,O
list,O
alert,O
!,O
Sundering,B-CREATURE
Titan,I-CREATURE
was,O
nixed,O
from,O
Commander,O
for,O
its,O
oppressive,O
mass,O
land,O
destruction,O
potential,O
.,O

It,O
blows,O
up,O
lands,O
on,O
the,O
way,O
and,O
out,O
,,O
which,O
means,O
a,O
regular,O
flicker,O
effect,O
triggers,O
this,O
ability,O
twice,O
.,O

With,O
the,O
prevalence,O
of,O
triomes,O
and,O
dual,O
lands,O
,,O
Titan,O
can,O
destroy,O
five,O
lands,O
per,O
trigger,O
without,O
harming,O
your,O
own,O
mana,O
base,O
.,O
#,O
57,O
.,O

Commander,B-ARTIFACT
’,I-ARTIFACT
s,I-ARTIFACT
Plate,I-ARTIFACT
Commander,B-ARTIFACT
's,I-ARTIFACT
Plate,I-ARTIFACT
is,O
an,O
excellent,O
piece,O
of,O
equipment,O
that,O
scales,O
best,O
with,O
mono-colored,O
decks,O
.,O

It,O
’,O
s,O
usually,O
a,O
Vulshok,B-ARTIFACT
Battlegear,I-ARTIFACT
that,O
makes,O
your,O
commander,O
immune,O
to,O
combat,O
and,O
most,O
forms,O
of,O
removal,O
.,O
#,O
56,O
.,O

The,B-ARTIFACT
Immortal,I-ARTIFACT
Sun,I-ARTIFACT
The,B-ARTIFACT
Immortal,I-ARTIFACT
Sun,I-ARTIFACT
combines,O
four,O
useful,O
abilities,O
on,O
one,O
card,O
,,O
but,O
it,O
’,O
s,O
also,O
a,O
6-mana,O
artifact,O
that,O
you,O
need,O
to,O
untap,O
with,O
before,O
you,O
get,O
any,O
real,O
value,O
off,O
it,O
.,O

That,O
makes,O
it,O
removal,O
target,O
#,O
1,O
for,O
everyone,O
,,O
and,O
players,O
run,O
more,O
artifact,O
removal,O
these,O
days,O
,,O
so,O
it,O
doesn,O
’,O
t,O
actually,O
stick,O
around,O
that,O
often,O
.,O
#,O
55,O
.,O

Ramos,B-CREATURE
,,I-CREATURE
Dragon,I-CREATURE
Engine,I-CREATURE
Ramos,B-CREATURE
,,I-CREATURE
Dragon,I-CREATURE
Engine,I-CREATURE
is,O
your,O
typical,O
5-color,O
commander,O
.,O

You,O
can,O
build,O
around,O
it,O
however,O
you,O
want,O
,,O
though,O
Ramos,B-CREATURE
specifically,O
incentivizes,O
multi-colored,O
cards,O
.,O

It,O
can,O
also,O
one-shot,O
players,O
out,O
of,O
nowhere,O
,,O
and,O
it,O
creates,O
large,O
bursts,O
of,O
mana,O
,,O
just,O
enough,O
to,O
activate,O
Door,B-ARTIFACT
to,I-ARTIFACT
Nothingness,I-ARTIFACT
.,O
#,O
54,O
.,O

Mox,B-ARTIFACT
Amber,I-ARTIFACT
Mox,B-ARTIFACT
Amber,I-ARTIFACT
excels,O
in,O
legends-matter,O
decks,O
and,O
flounders,O
anywhere,O
else,O
.,O

The,O
word,O
“,O
Mox,O
”,O
usually,O
indicates,O
a,O
powerful,O
card,O
,,O
though,O
most,O
of,O
them,O
are,O
either,O
banned,O
in,O
Commander,O
or,O
tuned,O
for,O
Constructed/,O
cEDH,O
.,O
#,O
53,O
.,O

Banner,B-ARTIFACT
of,I-ARTIFACT
Kinship,I-ARTIFACT
Banner,B-ARTIFACT
of,I-ARTIFACT
Kinship,I-ARTIFACT
is,O
a,O
bonkers,O
upgrade,O
on,O
Coat,B-ARTIFACT
of,I-ARTIFACT
Arms,I-ARTIFACT
that,O
is,O
not,O
global,O
,,O
and,O
a,O
hugely,O
impactful,O
anthem,O
that,O
mice,O
,,O
goblins,O
and,O
vampires,O
and,O
any,O
wide,O
tribe,O
can,O
destroy,O
players,O
with,O
.,O
#,O
52,O
.,O

Relic,B-ARTIFACT
of,I-ARTIFACT
Legends,I-ARTIFACT
I,O
’,O
m,O
already,O
a,O
big,O
fan,O
of,O
Honor-Worn,B-ARTIFACT
Shaku,I-ARTIFACT
,,O
and,O
Relic,B-ARTIFACT
of,I-ARTIFACT
Legends,I-ARTIFACT
fits,O
a,O
similar,O
mold,O
for,O
decks,O
full,O
of,O
legends,O
.,O

Some,O
players,O
claim,O
that,O
3-,O
mana,O
valuerocks,O
“,O
aren,O
’,O
t,O
playable,O
in,O
Commander,O
anymore.,O
”,O
Nay,O
,,O
I,O
say,O
;,O
you,O
’,O
re,O
just,O
not,O
playing,O
the,O
right,O
ones,O
.,O
#,O
51,O
.,O

Krark-Clan,B-ARTIFACT
Ironworks,I-ARTIFACT
Krark-Clan,B-ARTIFACT
Ironworks,I-ARTIFACT
fits,O
a,O
narrower,O
range,O
of,O
decks,O
than,O
Ashnod,B-ARTIFACT
's,I-ARTIFACT
Altar,I-ARTIFACT
,,O
which,O
I,O
promise,O
we,O
’,O
re,O
getting,O
to,O
.,O

It,O
was,O
banned,O
in,O
Modern,O
for,O
encouraging,O
strong,O
,,O
lengthy,O
combos,O
,,O
but,O
there,O
’,O
s,O
nothing,O
stopping,O
you,O
from,O
recreating,O
those,O
combos,O
in,O
Commander,O
.,O
#,O
50,O
.,O

Canoptek,B-CREATURE
Scarab,I-CREATURE
Swarm,I-CREATURE
Throw,O
a,O
dart,O
at,O
a,O
wall,O
of,O
Warhammer,O
40k,O
cards,O
and,O
odds,O
are,O
you,O
hit,O
something,O
super,O
powerful,O
.,O

Case,O
in,O
point,O
:,O
Canoptek,B-CREATURE
Scarab,I-CREATURE
Swarm,I-CREATURE
.,O

It,O
’,O
s,O
an,O
insect,O
army,O
in,O
a,O
can,O
that,O
feasts,O
on,O
an,O
opponent,O
’,O
s,O
graveyard,O
.,O

Colorless,O
too,O
?,O
Ship,O
it,O
!,O
#,O
49,O
.,O

Conjurer,B-ARTIFACT
’,I-ARTIFACT
s,I-ARTIFACT
Closet,I-ARTIFACT
Conjurer,B-ARTIFACT
's,I-ARTIFACT
Closet,I-ARTIFACT
is,O
beloved,O
by,O
blink,O
players,O
everywhere,O
,,O
though,O
being,O
colorless,O
is,O
the,O
only,O
thing,O
keeping,O
it,O
around,O
.,O

Soulherder,B-CREATURE
,,O
Teleportation,B-ENCHANTMENT
Circle,O
,,O
and,O
Thassa,B-CREATURE
,,I-CREATURE
Deep-Dwelling,I-CREATURE
are,O
all,O
cheaper,O
and,O
better,O
,,O
but,O
not,O
every,O
deck,O
can,O
run,O
them,O
or,O
wait,O
until,O
the,O
end,O
step,O
.,O

Plus,O
,,O
some,O
decks,O
just,O
want,O
critical,O
mass,O
of,O
these,O
effects,O
.,O
#,O
48,O
.,O

Altar,B-ARTIFACT
of,I-ARTIFACT
Dementia,I-ARTIFACT
There,O
’,O
s,O
that,O
“,O
Altar,O
”,O
word,O
again,O
,,O
and,O
this,O
isn,O
’,O
t,O
even,O
one,O
of,O
the,O
best,O
ones,O
.,O

Altar,B-ARTIFACT
of,I-ARTIFACT
Dementia,I-ARTIFACT
is,O
a,O
free,O
sac,O
outlet,O
that,O
can,O
mill,O
players,O
out,O
with,O
the,O
right,O
combination,O
of,O
recursive,O
creatures,O
,,O
though,O
it,O
’,O
s,O
also,O
great,O
at,O
fueling,O
your,O
own,O
graveyard,O
,,O
too,O
.,O
#,O
47,O
.,O

Solemn,B-CREATURE
Simulacrum,I-CREATURE
I,O
wo,O
n't,O
entertain,O
any,O
discourse,O
about,O
Solemn,B-CREATURE
Simulacrum,I-CREATURE
falling,O
behind,O
the,O
times,O
in,O
Commander,O
.,O

It,O
’,O
s,O
the,O
classic,O
better,O
than,O
your,O
average,O
cantrip,O
,,O
3-for-1,O
we,O
all,O
know,O
and,O
love,O
,,O
and,O
I,O
’,O
m,O
still,O
happy,O
to,O
run,O
a,O
copy,O
in,O
most,O
decks,O
.,O

Remember,O
:,O
Deck,O
optimization,O
isn,O
’,O
t,O
a,O
requirement,O
to,O
play,O
and,O
enjoy,O
Commander,O
.,O
#,O
46,O
.,O

Agatha,B-ARTIFACT
’,I-ARTIFACT
s,I-ARTIFACT
Soul,I-ARTIFACT
Cauldron,I-ARTIFACT
Agatha,B-ARTIFACT
's,I-ARTIFACT
Soul,I-ARTIFACT
Cauldron,I-ARTIFACT
messes,O
around,O
with,O
activated,O
abilities,O
,,O
which,O
is,O
fairly,O
novel,O
territory,O
in,O
Magic,O
,,O
and,O
it,O
provides,O
incidental,O
graveyard,O
hate,O
while,O
doing,O
so,O
.,O
“,O
Activated,O
ability,O
”,O
decks,O
are,O
more,O
of,O
a,O
thing,O
than,O
ever,O
thanks,O
to,O
this,O
card,O
,,O
and,O
it,O
opens,O
up,O
some,O
interesting,O
lines,O
of,O
play,O
.,O

And,O
combos,O
of,O
course,O
.,O

Always,O
with,O
the,O
combos,O
.,O
#,O
45,O
.,O

Shorikai,B-ARTIFACT
,,I-ARTIFACT
Genesis,I-ARTIFACT
Engine,I-ARTIFACT
Even,O
ignoring,O
obvious,O
infinites,O
with,O
Intruder,B-ENCHANTMENT
Alarm,I-ENCHANTMENT
,,O
Shorikai,B-ARTIFACT
,,I-ARTIFACT
Genesis,I-ARTIFACT
Engine,I-ARTIFACT
is,O
just,O
a,O
sweet,O
value,O
engine,O
.,O

Get,O
it,O
,,O
engine,O
?,O
‘,O
Cuz,O
it,O
’,O
s,O
a,O
vehicle,O
?,O
Sorry,O
,,O
guess,O
I,O
’,O
ll,O
pilot,O
myself,O
outta,O
here,O
.,O

In,O
all,O
seriousness,O
,,O
it,O
’,O
s,O
also,O
just,O
really,O
cool,O
to,O
have,O
a,O
vehicle,O
as,O
your,O
commander,O
.,O
#,O
44,O
.,O

Midnight,B-ARTIFACT
Clock,I-ARTIFACT
Ask,O
not,O
for,O
whom,O
the,O
Midnight,B-ARTIFACT
Clock,I-ARTIFACT
ticks,O
.,O

Here,O
’,O
s,O
another,O
top-tier,O
3-MV,O
mana,O
rock,O
,,O
one,O
that,O
gives,O
blue,O
access,O
to,O
some,O
coveted,O
ramp,O
,,O
then,O
becomes,O
a,O
draw-7,O
in,O
just,O
a,O
few,O
turn,O
cycles,O
.,O
#,O
43,O
.,O

Roaming,B-CREATURE
Throne,I-CREATURE
Roaming,B-CREATURE
Throne,I-CREATURE
plays,O
intense,O
piano,O
music,O
for,O
me,O
.,O

It,O
copies,O
all,O
triggered,O
abilities,O
of,O
the,O
chosen,O
creature,O
type,O
,,O
not,O
just,O
ETBs,O
,,O
which,O
opens,O
up,O
so,O
many,O
more,O
interactions,O
than,O
the,O
average,O
Panharmonicon,B-ARTIFACT
effect,O
.,O

Ward,O
is,O
also,O
more,O
of,O
a,O
nuisance,O
than,O
you,O
’,O
d,O
expect,O
in,O
Commander,O
.,O
#,O
42,O
.,O

Shadowspear,B-ARTIFACT
Farewell,I-ARTIFACT
,,O
Loxodon,B-ARTIFACT
Warhammer,I-ARTIFACT
.,O

I,O
wouldn,O
’,O
t,O
fault,O
anyone,O
for,O
running,O
Warhammer,O
,,O
but,O
Shadowspear,B-ARTIFACT
certainly,O
modernized,O
the,O
design,O
,,O
lowering,O
the,O
cost,O
to,O
cast,O
and,O
equip,O
and,O
added,O
in,O
a,O
ridiculous,O
activated,O
ability,O
that,O
gets,O
around,O
hexproof,O
and,O
indestructible,O
that,O
no,O
one,O
remembers,O
until,O
it,O
’,O
s,O
too,O
late,O
.,O
#,O
41,O
.,O

Akroma,B-ARTIFACT
’,I-ARTIFACT
s,I-ARTIFACT
Memorial,I-ARTIFACT
If,O
you,O
’,O
re,O
going,O
to,O
flat,O
out,O
spend,O
7,O
mana,O
on,O
a,O
card,O
,,O
it,O
better,O
have,O
the,O
impact,O
that,O
Akroma,B-ARTIFACT
's,I-ARTIFACT
Memorial,I-ARTIFACT
does,O
.,O

Drop,O
this,O
and,O
suddenly,O
all,O
your,O
creatures,O
become,O
deadly,O
threats,O
,,O
with,O
double,O
protection,O
to,O
make,O
combat,O
miserable,O
for,O
your,O
opponents,O
.,O

As,O
if,O
the,O
whole,O
flying/,O
first,O
strike,O
/,O
trample,O
trifecta,O
weren,O
’,O
t,O
already,O
enough,O
.,O
#,O
40,O
.,O

Nevinyrral,B-ARTIFACT
’,I-ARTIFACT
s,I-ARTIFACT
Disk,I-ARTIFACT
Nevinyrral,B-ARTIFACT
's,I-ARTIFACT
Disk,I-ARTIFACT
is,O
cheaper,O
than,O
most,O
colorless,O
sweepers,O
,,O
but,O
the,O
effect,O
is,O
on,O
a,O
turn,O
’,O
s,O
delay,O
.,O

Players,O
are,O
often,O
scared,O
to,O
overextend,O
into,O
Disk,O
and,O
don,O
’,O
t,O
play,O
anything,O
at,O
all,O
,,O
which,O
prompts,O
you,O
to,O
leave,O
its,O
activation,O
up,O
as,O
a,O
threat,O
without,O
actually,O
using,O
it,O
.,O

It,O
’,O
s,O
also,O
an,O
obnoxious,O
combo,O
with,O
indestructible,O
effects,O
,,O
since,O
it,O
normally,O
destroys,O
itself,O
instead,O
of,O
sacrificing,O
as,O
a,O
cost,O
.,O
#,O
39,O
.,O

Blightsteel,B-CREATURE
Colossus,I-CREATURE
Blightsteel,B-CREATURE
Colossus,I-CREATURE
is,O
almost,O
single-handedly,O
responsible,O
for,O
millions,O
of,O
players,O
’,O
disgust,O
towards,O
infect,O
.,O

It,O
’,O
s,O
basically,O
part,O
of,O
the,O
Phage,B-CREATURE
the,I-CREATURE
Untouchable,I-CREATURE
club,O
since,O
it,O
can,O
one-shot,O
people,O
,,O
though,O
I,O
think,O
the,O
infect,O
hate,O
is,O
undeserved,O
.,O

A,O
topic,O
for,O
another,O
time,O
,,O
I,O
suppose,O
.,O
#,O
38,O
.,O

MH2,O
Bridges,O
Modern,O
Horizons,O
2,O
tweaked,O
the,O
artifact,O
land,O
formula,O
,,O
designing,O
them,O
as,O
indestructible,O
taplands,O
.,O

That,O
way,O
you,O
can,O
add,O
to,O
your,O
artifact,O
count,O
without,O
losing,O
them,O
to,O
a,O
stray,O
Austere,B-SORCERY
Command,I-SORCERY
.,O

Exile-based,O
removal…,O
well,O
that,O
still,O
gets,O
‘,O
em,O
.,O
#,O
37,O
.,O

Smuggler,B-ARTIFACT
’,I-ARTIFACT
s,I-ARTIFACT
Copter,I-ARTIFACT
Wizards,O
overshot,O
their,O
first,O
attempt,O
at,O
vehicles,O
,,O
at,O
least,O
as,O
far,O
as,O
Smuggler,B-ARTIFACT
's,I-ARTIFACT
Copter,I-ARTIFACT
is,O
concerned,O
.,O

This,O
chopper,O
holds,O
up,O
in,O
Commander,O
,,O
and,O
lets,O
you,O
convert,O
any,O
small,O
creature,O
into,O
a,O
hefty,O
flying,O
looter,O
scooter,O
.,O

Why,O
does,O
it,O
loot,O
on,O
blocks,O
too,O
?,O
The,O
world,O
may,O
never,O
know,O
.,O
#,O
36,O
.,O

Mindslaver,B-ARTIFACT
Mindslaver,B-ARTIFACT
effects,O
are,O
an,O
utterly,O
demoralizing,O
way,O
to,O
lose,O
a,O
game,O
.,O

They,O
’,O
re,O
“,O
stop,O
hitting,O
yourself,O
”,O
incarnate,O
,,O
and,O
people,O
despise,O
them,O
.,O

You,O
can,O
thank,O
OG,O
Mindslaver,B-ARTIFACT
for,O
that,O
,,O
which,O
sees,O
play,O
in,O
big,O
mana,O
decks,O
,,O
artifact,O
decks,O
,,O
or,O
decks,O
that,O
can,O
tap,O
into,O
its,O
legendary,O
artifact,O
status,O
.,O
#,O
35,O
.,O

Birthing,B-ARTIFACT
Pod,I-ARTIFACT
The,O
card,O
that,O
birthed,O
an,O
entire,O
subcategory,O
of,O
cards,O
and,O
pod,O
commanders,O
.,O

Birthing,B-ARTIFACT
Pod,I-ARTIFACT
and,O
cards,O
like,O
it,O
are,O
fun,O
to,O
build,O
around,O
,,O
and,O
ask,O
you,O
to,O
incorporate,O
a,O
chain,O
of,O
creatures,O
in,O
your,O
deck,O
so,O
you,O
can,O
work,O
towards,O
gradually,O
more,O
and,O
more,O
expensive,O
creatures,O
.,O
“,O
Pod,O
decks,O
”,O
usually,O
devolve,O
into,O
combo,O
decks,O
,,O
but,O
fair,O
Pod,O
decks,O
exist,O
too,O
,,O
using,O
it,O
as,O
a,O
value,O
engine,O
.,O
#,O
34,O
.,O

Baleful,B-CREATURE
Strix,I-CREATURE
Perhaps,O
the,O
cleanest,O
Magic,O
design,O
ever,O
put,O
to,O
paper,O
?,O
One,O
of,O
Magic,O
's,O
best,O
birds,O
,,O
Baleful,B-CREATURE
Strix,I-CREATURE
is,O
the,O
ultimate,O
2-for-1,O
,,O
drawing,O
a,O
card,O
now,O
and,O
trading,O
for,O
something,O
later,O
,,O
whether,O
that,O
’,O
s,O
a,O
removal,O
spell,O
or,O
another,O
creature,O
.,O
#,O
33,O
.,O

Archaeomancer,B-ARTIFACT
’,I-ARTIFACT
s,I-ARTIFACT
Map,I-ARTIFACT
White,O
ramp,O
?,O
In,O
this,O
economy,O
?,O
Archaeomancer,B-ARTIFACT
's,I-ARTIFACT
Map,I-ARTIFACT
is,O
Burgeoning,B-ENCHANTMENT
#NAME?,O
that,O
draws,O
two,O
lands,O
on,O
ETB,O
,,O
It,O
’,O
s,O
highly,O
effective,O
as,O
a,O
white,O
card,O
,,O
since,O
white,O
doesn,O
’,O
t,O
have,O
as,O
many,O
options,O
for,O
ramp,O
effects,O
.,O
#,O
32,O
.,O

The,O
Boots,O
Commanders,O
are,O
often,O
essential,O
to,O
their,O
decks,O
,,O
so,O
you,O
want,O
to,O
ensure,O
they,O
stay,O
protected,O
,,O
and,O
there,O
’,O
s,O
no,O
equipment,O
quite,O
as,O
protective,O
as,O
Swiftfoot,B-ARTIFACT
Boots,I-ARTIFACT
and,O
Lightning,B-ARTIFACT
Greaves,I-ARTIFACT
.,O

Greaves,O
is,O
usually,O
the,O
first,O
choice,O
,,O
followed,O
by,O
Boots,O
if,O
you,O
plan,O
on,O
targeting,O
your,O
own,O
creatures,O
a,O
lot,O
,,O
and,O
some,O
decks,O
are,O
happy,O
with,O
a,O
copy,O
of,O
each,O
.,O

Outlaws,O
of,O
Thunder,O
Junction,O
gave,O
us,O
the,O
Greave,O
's,O
at,O
home,O
version,O
in,O
Lavaspur,B-ARTIFACT
Boots,I-ARTIFACT
,,O
thankfully,O
the,O
power,O
boost,O
helps,O
offset,O
how,O
much,O
worse,O
ward,O
is,O
as,O
a,O
targeting-deterrent,O
,,O
but,O
it,O
's,O
still,O
several,O
notches,O
below,O
the,O
other,O
two,O
.,O
#,O
31,O
.,O

Sword,B-ARTIFACT
of,I-ARTIFACT
Hearth,I-ARTIFACT
and,I-ARTIFACT
Home,I-ARTIFACT
All,O
the,O
“,O
Sword,O
of,O
X,O
and,O
Y,O
”,O
cards,O
are,O
great,O
,,O
but,O
I,O
limit,O
my,O
inclusions,O
here,O
to,O
the,O
absolute,O
best,O
of,O
the,O
card,O
cycle,O
.,O

Sword,B-ARTIFACT
of,I-ARTIFACT
Hearth,I-ARTIFACT
and,I-ARTIFACT
Home,I-ARTIFACT
provides,O
blink,O
and,O
ramp,O
all,O
at,O
once,O
,,O
making,O
it,O
perhaps,O
the,O
most,O
value-oriented,O
sword,O
.,O
#,O
30,O
.,O

Sword,B-ARTIFACT
of,I-ARTIFACT
Forge,I-ARTIFACT
and,I-ARTIFACT
Frontier,I-ARTIFACT
Let,O
’,O
s,O
tackle,O
Sword,B-ARTIFACT
of,I-ARTIFACT
Forge,I-ARTIFACT
and,I-ARTIFACT
Frontier,I-ARTIFACT
,,O
too,O
.,O

It,O
’,O
s,O
another,O
value,O
sword,O
that,O
offers,O
ramp,O
+,O
card,O
advantage,O
,,O
similar,O
to,O
Sword,B-ARTIFACT
of,I-ARTIFACT
Hearth,I-ARTIFACT
and,I-ARTIFACT
Home,I-ARTIFACT
but,O
with,O
better,O
protection,O
.,O

Pro-red,O
dodges,O
most,O
red,O
removal,O
,,O
especially,O
board,O
wipes,O
like,O
Blasphemous,B-SORCERY
Act,I-SORCERY
.,O
#,O
29,O
.,O

Wurmcoil,B-CREATURE
Engine,I-CREATURE
If,O
Baleful,B-CREATURE
Strix,I-CREATURE
is,O
in,O
the,O
Top,O
10,O
best,O
designs,O
ever,O
,,O
Wurmcoil,B-CREATURE
Engine,I-CREATURE
deserves,O
a,O
slot,O
in,O
the,O
Top,O
10,O
Coolest,O
.,O

Lifelink,O
makes,O
the,O
card,O
,,O
and,O
allows,O
Wurmcoil,O
to,O
immediately,O
stabilize,O
just,O
about,O
any,O
board,O
.,O
#,O
28,O
.,O

Scroll,B-ARTIFACT
Rack,I-ARTIFACT
Now,O
we,O
transition,O
into,O
powerhouse,O
artifact,O
territory,O
,,O
including,O
hyper-efficient,O
and,O
completely,O
broken,O
artifacts,O
.,O

Scroll,B-ARTIFACT
Rack,I-ARTIFACT
’,O
s,O
an,O
excellent,O
way,O
to,O
dig,O
for,O
answers,O
,,O
stack,O
your,O
library,O
for,O
top-deck,O
cards,O
like,O
miracles,O
or,O
Future,B-ENCHANTMENT
Sight,I-ENCHANTMENT
,,O
or,O
even,O
just,O
exchange,O
cards,O
you,O
don,O
’,O
t,O
need,O
in,O
your,O
hand,O
to,O
tuck,O
away,O
with,O
a,O
shuffle,O
effect,O
.,O
#,O
27,O
.,O
2-Mana,O
Value,O
Mana,O
Rocks,O
.,O

All,O
of,O
Them,O
I,O
could,O
quibble,O
over,O
Signets,O
,,O
Talismans,O
,,O
Fellwar,B-ARTIFACT
Stone,I-ARTIFACT
,,O
Mind,B-ARTIFACT
Stone,I-ARTIFACT
,,O
and,O
so,O
on,O
,,O
but,O
truth,O
is,O
all,O
the,O
2-mana,O
rocks,O
basically,O
play,O
out,O
the,O
same,O
regardless,O
of,O
extra,O
utility,O
.,O
2-MV,O
rocks,O
are,O
a,O
pillar,O
of,O
modern,O
EDH,O
,,O
and,O
even,O
most,O
casual,O
Commander,O
bracket,O
1,O
decks,O
should,O
look,O
to,O
play,O
a,O
handful,O
of,O
these,O
if,O
they,O
want,O
to,O
remain,O
somewhat,O
playable,O
.,O
#,O
26,O
.,O

Arcane,B-ARTIFACT
Signet,I-ARTIFACT
Okay,O
,,O
okay,O
,,O
okay,O
.,O

I,O
’,O
ll,O
put,O
Arcane,B-ARTIFACT
Signet,I-ARTIFACT
slightly,O
above,O
the,O
rest,O
,,O
but,O
just,O
by,O
a,O
smidge,O
.,O

It,O
’,O
s,O
the,O
Commander,O
precon,O
requisite,O
,,O
easy-mode,O
hands-free,O
best-of-the-best,O
2-MV,O
rock,O
,,O
and,O
it,O
slots,O
into,O
any,O
deck,O
with,O
2+,O
colors,O
without,O
question,O
.,O
#,O
25,O
.,O

Grim,B-ARTIFACT
Monolith,I-ARTIFACT
Net,O
positive,O
mana,O
rock,O
.,O

Grim,B-ARTIFACT
Monolith,I-ARTIFACT
’,O
s,O
one,O
of,O
the,O
worst,O
of,O
the,O
fast,O
mana,O
offenders,O
and,O
still,O
pretty,O
darn,O
good,O
.,O
#,O
24,O
.,O

Portal,B-ARTIFACT
to,I-ARTIFACT
Phyrexia,I-ARTIFACT
I,O
’,O
d,O
say,O
9,O
mana,O
is,O
a,O
lot,O
,,O
but,O
no,O
one,O
running,O
Portal,B-ARTIFACT
to,I-ARTIFACT
Phyrexia,I-ARTIFACT
is,O
trying,O
to,O
hardcast,O
this,O
card,O
.,O

They,O
’,O
re,O
going,O
for,O
some,O
sort,O
of,O
Goblin,B-CREATURE
Welder,I-CREATURE
line,O
that,O
gets,O
this,O
out,O
early,O
,,O
edict,O
#NAME?,O
up,O
opposing,O
boards,O
,,O
and,O
leaves,O
you,O
up,O
a,O
Debtors,B-ENCHANTMENT
',I-ENCHANTMENT
Knell,I-ENCHANTMENT
.,O

Did,O
I,O
mention,O
colorless,O
artifacts,O
can,O
go,O
in,O
any,O
deck,O
?,O
#,O
23,O
.,O

Aetherflux,B-ARTIFACT
Reservoir,I-ARTIFACT
As,O
close,O
to,O
the,O
Death,O
Star,O
as,O
we,O
’,O
ll,O
ever,O
get,O
.,O

Well,O
,,O
at,O
least,O
until,O
the,O
inevitable,O
Star,O
Wars,O
Universes,O
Beyond,O
crossover,O
.,O

Aetherflux,B-ARTIFACT
Reservoir,I-ARTIFACT
laser,O
cannons,O
a,O
player,O
(,O
or,O
creature,O
,,O
if,O
you,O
have,O
an,O
agenda,O
),O
right,O
out,O
of,O
the,O
game,O
,,O
but,O
at,O
the,O
cost,O
of,O
50,O
life,O
.,O

It,O
’,O
s,O
auto-win,O
with,O
infinite,O
life,O
combos,O
,,O
plus,O
there,O
are,O
some,O
funny,O
plays,O
that,O
involve,O
animating,O
it,O
,,O
giving,O
it,O
lifelink,O
,,O
and,O
going,O
to,O
town,O
on,O
anything,O
in,O
sight,O
.,O
#,O
22,O
.,O

Golos,B-CREATURE
,,I-CREATURE
Tireless,I-CREATURE
Pilgrim,I-CREATURE
Free,O
Golos,B-CREATURE
,,I-CREATURE
Tireless,I-CREATURE
Pilgrim,I-CREATURE
!,O
This,O
5-color,O
value,O
machine,O
was,O
everywhere,O
before,O
it,O
hit,O
the,O
Commander,O
ban,O
list,O
.,O

The,O
main,O
reason,O
it,O
was,O
banned,O
wasn,O
’,O
t,O
because,O
it,O
’,O
s,O
overtly,O
oppressive,O
,,O
but,O
because,O
it,O
’,O
s,O
so,O
good,O
as,O
the,O
commander,O
of,O
just,O
about,O
any,O
strategy,O
that,O
it,O
actually,O
stifles,O
creativity,O
and,O
diversity,O
,,O
and,O
diluted,O
new,O
deck,O
ideas,O
,,O
and,O
fielded,O
out,O
more,O
synergistic,O
commanders,O
in,O
their,O
own,O
decks,O
.,O

On,O
second,O
thought,O
,,O
let,O
’,O
s,O
keep,O
Golos,O
banned,O
.,O
#,O
21,O
.,O

Sword,B-ARTIFACT
of,I-ARTIFACT
Feast,I-ARTIFACT
and,I-ARTIFACT
Famine,I-ARTIFACT
Does,O
Sword,B-ARTIFACT
of,I-ARTIFACT
Feast,I-ARTIFACT
and,I-ARTIFACT
Famine,I-ARTIFACT
charge,O
rent,O
?,O
Because,O
this,O
card,O
is,O
a,O
house,O
.,O

Don,O
’,O
t,O
believe,O
me,O
?,O
Check,O
out,O
any,O
episode,O
of,O
Game,O
Knights,O
,,O
where,O
it,O
inevitably,O
shows,O
up,O
in,O
just,O
about,O
any,O
Josh,O
Lee,O
Kwai,O
deck,O
.,O

Magic,O
's,O
best,O
sword,O
is,O
essentially,O
a,O
mana-doubler,O
with,O
disruption,O
attached,O
,,O
and,O
the,O
twin,O
protection,O
abilities,O
make,O
it,O
easy,O
to,O
connect,O
against,O
someone,O
.,O

They,O
can,O
’,O
t,O
all,O
be,O
running,O
decks,O
.,O
#,O
20,O
.,O

Walking,B-CREATURE
Ballista,I-CREATURE
Is,O
your,O
Ballista,O
running,O
?,O
Well,O
,,O
you,O
better,O
go,O
catch,O
it,O
!,O
Oh,O
,,O
it,O
’,O
s,O
a,O
Walking,B-CREATURE
Ballista,I-CREATURE
?,O
Never,O
mind,O
then,O
.,O

Triskelion,B-CREATURE
would,O
’,O
ve,O
made,O
this,O
list,O
some,O
time,O
ago,O
,,O
but,O
it,O
’,O
s,O
Ballista,O
’,O
s,O
world,O
now,O
.,O

Part,O
of,O
numerous,O
infinite,O
combos,O
,,O
the,O
X,O
spell,O
,,O
Ballista,O
can,O
play,O
board,O
control,O
of,O
player,O
control,O
,,O
depending,O
on,O
your,O
mana,O
situation,O
.,O
#,O
19,O
.,O

The,B-CREATURE
Great,I-CREATURE
Henge,I-CREATURE
Great,O
indeed,O
.,O

One,O
of,O
the,O
best,O
creaturefall,O
cards,O
,,O
The,B-CREATURE
Great,I-CREATURE
Henge,I-CREATURE
does,O
everything,O
under,O
the,O
sun,O
and,O
more,O
.,O

Adds,O
mana,O
,,O
gains,O
life,O
,,O
draws,O
cards,O
,,O
makes,O
your,O
creatures,O
bigger,O
,,O
and,O
usually,O
costs,O
around,O
2-Apr,O
mana,O
?,O
I,O
demand,O
to,O
know,O
who,O
made,O
this,O
.,O

Thankfully,O
it,O
’,O
s,O
locked,O
to,O
green,O
decks,O
,,O
but,O
my,O
goodness,O
is,O
it,O
playable,O
in,O
green,O
decks,O
.,O
#,O
18,O
.,O

Phyrexian,B-ARTIFACT
Altar,I-ARTIFACT
Another,O
day,O
,,O
another,O
Altar,O
.,O

Still,O
not,O
the,O
last,O
one,O
.,O

Phyrexian,B-ARTIFACT
Altar,I-ARTIFACT
is,O
10,O
%,O
sac,O
outlet,O
,,O
90,O
%,O
combo,O
engine,O
,,O
and,O
it,O
would,O
’,O
ve,O
100,O
%,O
said,O
“,O
activate,O
only,O
once,O
per,O
turn,O
”,O
if,O
printed,O
today,O
.,O

As,O
is,O
,,O
it,O
’,O
s,O
one,O
of,O
the,O
best,O
sac,O
outlets,O
in,O
Magic,O
,,O
to,O
the,O
point,O
of,O
being,O
broken,O
.,O
#,O
17,O
.,O

Isochron,B-ARTIFACT
Scepter,I-ARTIFACT
Quick,O
EDH,O
lifehack,O
:,O
If,O
you,O
hit,O
someone,O
with,O
Thada,B-CREATURE
Adel,I-CREATURE
,,I-CREATURE
Acquisitor,I-CREATURE
and,O
see,O
Isochron,B-ARTIFACT
Scepter,I-ARTIFACT
in,O
their,O
library,O
,,O
take,O
it,O
,,O
leave,O
it,O
exiled,O
,,O
and,O
that,O
opponent,O
might,O
literally,O
be,O
unable,O
to,O
win,O
anymore,O
.,O
“,O
Dramatic,O
Scepter,O
”,O
decks,O
combo,O
it,O
with,O
Dramatic,B-INSTANT
Reversal,I-INSTANT
,,O
but,O
as,O
one,O
of,O
the,O
best,O
imprint,O
cards,O
in,O
the,O
game,O
the,O
Scepter,O
can,O
still,O
be,O
a,O
problem,O
with,O
a,O
counterspell,O
or,O
removal,O
spell,O
tucked,O
underneath,O
it,O
.,O
#,O
16,O
.,O

Winter,B-ARTIFACT
Orb,I-ARTIFACT
Misery,O
,,O
thy,O
name,O
is,O
Winter,B-ARTIFACT
Orb,I-ARTIFACT
.,O

Winter,B-ARTIFACT
Orb,I-ARTIFACT
’,O
s,O
a,O
minigame,O
all,O
about,O
finding,O
a,O
way,O
to,O
tap,O
it,O
down,O
before,O
your,O
turn,O
begins,O
.,O

It,O
’,O
s,O
best,O
friends,O
with,O
Derevi,B-CREATURE
,,I-CREATURE
Empyrial,I-CREATURE
Tactician,I-CREATURE
and,O
Urza,B-CREATURE
,,I-CREATURE
Lord,I-CREATURE
High,I-CREATURE
Artificer,I-CREATURE
,,O
to,O
the,O
point,O
where,O
people,O
usually,O
ask,O
during,O
rule,O
0,O
discussions,O
if,O
you,O
play,O
Winter,B-ARTIFACT
Orb,I-ARTIFACT
when,O
you,O
present,O
one,O
of,O
these,O
commanders,O
at,O
the,O
table,O
.,O
#,O
15,O
.,O

Candelabra,B-ARTIFACT
of,I-ARTIFACT
Tawnos,I-ARTIFACT
Candelabra,B-ARTIFACT
of,I-ARTIFACT
Tawnos,I-ARTIFACT
is,O
rarely,O
seen,O
at,O
Commander,O
tables,O
,,O
but,O
that,O
’,O
s,O
probably,O
got,O
something,O
to,O
do,O
with,O
being,O
a,O
Reserved,O
List,O
card,O
worth,O
almost,O
a,O
grand,O
.,O

If,O
you,O
do,O
snag,O
a,O
copy,O
and,O
you,O
’,O
re,O
itching,O
to,O
play,O
with,O
it,O
,,O
combine,O
it,O
with,O
lands,O
that,O
tap,O
for,O
multiple,O
mana,O
at,O
once,O
,,O
or,O
make,O
it,O
part,O
of,O
a,O
classic,O
High,B-INSTANT
Tide,I-INSTANT
combo,O
.,O
#,O
14,O
.,O

Bolas,B-ARTIFACT
’,I-ARTIFACT
s,I-ARTIFACT
Citadel,I-ARTIFACT
There,O
are,O
only,O
two,O
outcomes,O
when,O
you,O
resolve,O
a,O
Bolas,B-ARTIFACT
's,I-ARTIFACT
Citadel,I-ARTIFACT
.,O

Either,O
you,O
’,O
re,O
winning,O
,,O
or,O
you,O
’,O
re,O
dying,O
before,O
it,O
gets,O
to,O
your,O
next,O
turn,O
.,O

As,O
the,O
Citadel,O
player,O
,,O
you,O
can,O
rattle,O
off,O
spells,O
until,O
you,O
hit,O
a,O
land,O
pocket,O
,,O
and,O
as,O
the,O
non-Citadel,O
players,O
,,O
you,O
should,O
try,O
to,O
kill,O
the,O
whoever,O
plays,O
this,O
superb,O
black,O
artifact,O
.,O
#,O
13,O
.,O

Mana,B-ARTIFACT
Vault,I-ARTIFACT
You,O
can,O
’,O
t,O
fool,O
me,O
.,O

Mana,B-ARTIFACT
Vault,I-ARTIFACT
is,O
just,O
a,O
colorless,O
Dark,B-INSTANT
Ritual,I-INSTANT
in,O
disguise,O
that,O
landed,O
on,O
the,O
game,O
changer,O
watch,O
list,O
.,O

Except,O
Dark,B-INSTANT
Ritual,I-INSTANT
doesn,O
’,O
t,O
stick,O
around,O
to,O
be,O
used,O
again,O
down,O
the,O
line,O
.,O

Not,O
that,O
that,O
happens,O
often,O
,,O
since,O
the,O
untap,O
cost,O
usually,O
eats,O
up,O
an,O
entire,O
turn,O
’,O
s,O
worth,O
of,O
mana,O
.,O
#,O
12,O
.,O

Academy,B-CREATURE
Manufactor,I-CREATURE
Math,O
,,O
the,O
card,O
.,O

All,O
’,O
s,O
fun,O
and,O
games,O
‘,O
til,O
someone,O
has,O
three,O
copies,O
of,O
the,O
assembly-worker,O
,,O
Academy,B-CREATURE
Manufactor,I-CREATURE
on,O
board,O
and,O
casts,O
a,O
Brass,B-SORCERY
's,I-SORCERY
Bounty,I-SORCERY
.,O

It,O
’,O
s,O
the,O
ultimate,O
trinket,O
card,O
and,O
slots,O
into,O
an,O
absurd,O
number,O
of,O
fiddly,O
artifact,O
decks,O
.,O
#,O
11,O
.,O

Paradox,B-ARTIFACT
Engine,I-ARTIFACT
Paradox,B-ARTIFACT
Engine,I-ARTIFACT
,,O
an,O
Aether,O
Revolt,O
card,O
that,O
wins,O
the,O
game,O
and,O
takes,O
30,O
minutes,O
doing,O
it,O
.,O

Life,O
’,O
s,O
too,O
precious,O
to,O
sit,O
around,O
and,O
watch,O
someone,O
tap,O
and,O
untap,O
their,O
mana,O
rocks,O
over,O
and,O
over,O
again,O
.,O

Keep,O
it,O
on,O
the,O
ban,O
list,O
where,O
it,O
belongs,O
.,O
#,O
10,O
.,O

The,B-ARTIFACT
One,I-ARTIFACT
Ring,I-ARTIFACT
I,O
’,O
m,O
starting,O
to,O
think,O
there,O
might,O
be,O
more,O
than,O
one,O
copy,O
of,O
The,B-ARTIFACT
One,I-ARTIFACT
Ring,I-ARTIFACT
out,O
there,O
.,O

Goes,O
in,O
every,O
deck,O
?,O
Cascading,O
card,O
advantage,O
on,O
an,O
indestructible,O
permanent,O
?,O
One,O
of,O
the,O
strongest,O
colorless,O
ETB,O
effects,O
in,O
the,O
game,O
,,O
making,O
it,O
extremely,O
hard,O
to,O
die,O
the,O
turn,O
you,O
cast,O
it,O
?,O
Becomes,O
a,O
liability,O
when,O
you,O
’,O
re,O
at,O
2,O
life,O
?,O
Check,O
,,O
check,O
,,O
check,O
,,O
and…,O
wait,O
a,O
minute,O
,,O
what,O
was,O
that,O
last,O
part,O
?,O
Did,O
it,O
have,O
to,O
do,O
with,O
the,O
Lord,O
of,O
the,O
Rings,O
set,O
?,O
#,O
9,O
.,O

Esper,B-CREATURE
Sentinel,I-CREATURE
This,O
tedious,O
little,O
nugget,O
is,O
one,O
of,O
white,O
’,O
s,O
best,O
cards,O
,,O
point,O
blank,O
.,O

Esper,B-CREATURE
Sentinel,I-CREATURE
either,O
taxes,O
your,O
opponents,O
’,O
mana,O
or,O
draws,O
cards,O
,,O
which,O
is,O
a,O
lot,O
for,O
a,O
1-drop,O
with,O
human,O
and,O
artifact,O
synergies,O
.,O

Bump,O
its,O
power,O
up,O
to,O
maximize,O
the,O
stax,O
#NAME?,O
and,O
all,O
but,O
guarantee,O
you,O
draw,O
when,O
it,O
triggers,O
.,O

Responsible,O
players,O
pay,O
the,O
,,O
but,O
no,O
one,O
pays,O
the,O
.,O
#,O
8,O
.,O

Sensei,B-ARTIFACT
’,I-ARTIFACT
s,I-ARTIFACT
Divining,I-ARTIFACT
Top,I-ARTIFACT
Toss,O
a,O
Sensei,B-ARTIFACT
's,I-ARTIFACT
Divining,I-ARTIFACT
Top,I-ARTIFACT
in,O
a,O
random,O
deck,O
and,O
it,O
’,O
s,O
going,O
to,O
be,O
good,O
without,O
exception,O
.,O

You,O
can,O
be,O
more,O
intentional,O
with,O
it,O
,,O
setting,O
up,O
top-decks,O
and,O
infinite,O
combos,O
with,O
mana-reduction,O
abilities,O
plus,O
cards,O
that,O
let,O
you,O
play,O
from,O
the,O
top,O
of,O
your,O
library,O
.,O
#,O
7,O
.,O

Skullclamp,B-ARTIFACT
There,O
’,O
s,O
a,O
well-documented,O
story,O
that,O
Skullclamp,B-ARTIFACT
originally,O
gave,O
1,O
,,O
but,O
the,O
designers,O
deemed,O
that,O
too,O
powerful,O
and,O
switched,O
it,O
to,O
-1,O
.,O

Now,O
look,O
where,O
we,O
are,O
.,O

X/1s,O
quiver,O
in,O
fear,O
at,O
the,O
sight,O
of,O
the,O
Clamp,O
,,O
being,O
callously,O
tossed,O
away,O
for,O
extra,O
cards,O
left,O
and,O
right,O
.,O

This,O
excellent,O
card-drawing,O
artifact,O
has,O
all,O
the,O
makings,O
of,O
a,O
card,O
you,O
’,O
d,O
expect,O
to,O
be,O
super,O
expensive,O
,,O
but,O
numerous,O
reprints,O
have,O
kept,O
it,O
in,O
the,O
realm,O
of,O
mortals,O
.,O
#,O
6,O
.,O

Ashnod,B-ARTIFACT
’,I-ARTIFACT
s,I-ARTIFACT
Altar,I-ARTIFACT
There,O
it,O
is,O
!,O
The,O
best,O
sac,O
outlet,O
in,O
Magic,O
.,O

Ashnod,B-ARTIFACT
's,I-ARTIFACT
Altar,I-ARTIFACT
goes,O
infinite,O
with,O
a,O
paperclip,O
and,O
a,O
plastic,O
bag,O
,,O
and,O
it,O
might,O
be,O
the,O
most,O
combo-centric,O
card,O
in,O
all,O
of,O
Magic,O
.,O

Even,O
when,O
it,O
’,O
s,O
being,O
used,O
“,O
fairly,O
”,O
it,O
’,O
s,O
still,O
generates,O
boatloads,O
of,O
mana,O
and,O
wins,O
with,O
many,O
sacrifice,O
payoffs,O
.,O
#,O
5,O
.,O

Time,B-ARTIFACT
Vault,I-ARTIFACT
Do,O
you,O
have,O
a,O
repeatable,O
way,O
to,O
untap,O
an,O
artifact,O
?,O
Congratulations,O
!,O
You,O
just,O
won,O
with,O
Time,B-ARTIFACT
Vault,I-ARTIFACT
.,O

Well,O
,,O
you,O
don,O
’,O
t,O
win,O
outright,O
,,O
but,O
I,O
assume,O
if,O
you,O
take,O
extra,O
turns,O
for,O
the,O
rest,O
of,O
the,O
game,O
,,O
you,O
’,O
ll,O
find,O
a,O
way,O
.,O
#,O
4,O
.,O

The,O
Alpha,O
Moxes,O
Power,O
9,O
at,O
the,O
top,O
of,O
the,O
list,O
?,O
You,O
don,O
’,O
t,O
say,O
.,O

However,O
you,O
rank,O
each,O
individual,O
Mox,O
against,O
the,O
others,O
,,O
it,O
’,O
s,O
clear,O
the,O
original,O
Moxes,O
are,O
some,O
of,O
the,O
best,O
cards,O
ever,O
printed,O
.,O

Moxes,O
?,O
Moxen,O
?,O
Google,O
says,O
both,O
are,O
acceptable,O
.,O
#,O
3,O
.,O

Sol,B-ARTIFACT
Ring,I-ARTIFACT
Ah,O
,,O
the,O
original,O
sin,O
of,O
Commander,O
.,O

It,O
’,O
s,O
egregious,O
that,O
Sol,B-ARTIFACT
Ring,I-ARTIFACT
was,O
allowed,O
into,O
the,O
format,O
from,O
the,O
beginning,O
,,O
and,O
now,O
Commander,O
’,O
s,O
so,O
far,O
along,O
nothing,O
can,O
be,O
done,O
about,O
it,O
.,O

People,O
love,O
to,O
give,O
their,O
poppycock,O
takes,O
on,O
why,O
Sol,O
Ring,O
’,O
s,O
fine,O
,,O
but,O
it,O
’,O
s,O
not,O
and,O
never,O
has,O
been,O
.,O

It,O
’,O
s,O
just,O
so,O
far,O
ingrained,O
in,O
what,O
the,O
format,O
is,O
at,O
this,O
point,O
.,O

Fast,O
mana,O
,,O
no,O
concessions,O
,,O
near-mandatory,O
to,O
play,O
in,O
every,O
deck,O
,,O
and,O
included,O
in,O
every,O
precon,O
.,O

You,O
know,O
it,O
,,O
you,O
love,O
it,O
.,O

Or,O
hate,O
it,O
.,O

Some,O
people,O
definitely,O
hate,O
it,O
.,O
#,O
2,O
.,O

Mana,B-ARTIFACT
Crypt,I-ARTIFACT
Ditto,O
everything,O
about,O
Sol,B-ARTIFACT
Ring,I-ARTIFACT
,,O
but,O
dial,O
it,O
up,O
to,O
11,O
.,O

For,O
a,O
long,O
time,O
Mana,B-ARTIFACT
Crypt,I-ARTIFACT
was,O
legal,O
in,O
Commander,O
,,O
but,O
as,O
of,O
September,O
23,O
,,O
2024,O
,,O
it,O
is,O
banned,O
in,O
Commander,O
,,O
so,O
we,O
live,O
,,O
learn,O
,,O
and,O
buy,O
Double,O
Masters,O
packs,O
hoping,O
to,O
open,O
one,O
for,O
our,O
Vintage,O
deck,O
.,O
#,O
1,O
.,O

Black,B-ARTIFACT
Lotus,I-ARTIFACT
You,O
know,O
,,O
there,O
’,O
s,O
a,O
valid,O
argument,O
that,O
Sol,B-ARTIFACT
Ring,I-ARTIFACT
would,O
be,O
better,O
on,O
average,O
than,O
Black,B-ARTIFACT
Lotus,I-ARTIFACT
in,O
Commander,O
,,O
but,O
we,O
bow,O
to,O
the,O
king,O
and,O
show,O
our,O
respects,O
.,O

I,O
don,O
’,O
t,O
have,O
the,O
heart,O
not,O
to,O
put,O
Lotus,O
as,O
the,O
best,O
,,O
banned,O
or,O
not,O
.,O

Best,O
Artifact,O
Payoffs,O
Artifacts,O
are,O
one,O
of,O
the,O
most,O
widely,O
supported,O
card,O
types,O
in,O
Magic,O
,,O
with,O
entire,O
sets,O
designed,O
around,O
them,O
.,O

A,O
comprehensive,O
look,O
at,O
artifact,O
payoffs,O
would,O
warrant,O
an,O
entire,O
separate,O
study,O
,,O
so,O
let,O
’,O
s,O
keep,O
this,O
brief,O
.,O

Tons,O
of,O
commanders,O
synergize,O
with,O
artifacts,O
,,O
some,O
of,O
which,O
are,O
artifacts,O
themselves,O
and,O
feature,O
somewhere,O
on,O
this,O
list,O
.,O

You,O
’,O
ve,O
got,O
Breya,B-CREATURE
,,I-CREATURE
Etherium,I-CREATURE
Shaper,I-CREATURE
,,O
Emry,B-CREATURE
,,I-CREATURE
Lurker,I-CREATURE
of,I-CREATURE
the,I-CREATURE
Loch,I-CREATURE
,,O
Daretti,B-PLANESWALKER
,,I-PLANESWALKER
Scrap,I-PLANESWALKER
Savant,I-PLANESWALKER
,,O
Roxanne,B-CREATURE
,,I-CREATURE
Starfall,I-CREATURE
Savant,I-CREATURE
,,O
Ygra,B-CREATURE
,,I-CREATURE
Eater,I-CREATURE
of,I-CREATURE
All,I-CREATURE
and,O
Urza,B-CREATURE
,,I-CREATURE
Chief,I-CREATURE
Artificer,I-CREATURE
etc,O
.,O

I,O
could,O
continue,O
and,O
not,O
scratch,O
the,O
surface,O
.,O

There,O
are,O
planeswalkers,O
whose,O
entire,O
character,O
revolves,O
around,O
artifacts,O
.,O

Basically,O
any,O
version,O
of,O
Tezzeret,O
,,O
Karn,O
,,O
or,O
Daretti,O
features,O
some,O
interaction,O
with,O
artifacts,O
.,O

Artifact,O
decks,O
also,O
make,O
the,O
best,O
use,O
of,O
the,O
tchotchke,O
tokens,O
we,O
keep,O
seeing,O
in,O
new,O
sets,O
.,O

Treasure,B-ARTIFACT
,,O
Clue,B-ARTIFACT
s,O
,,O
Food,B-ARTIFACT
,,O
Blood,B-ARTIFACT
,,O
Map,B-ARTIFACT
s,O
,,O
Powerstone,B-ARTIFACT
s.,O
All,O
artifacts,O
.,O

Some,O
keywords,O
to,O
be,O
on,O
the,O
lookout,O
for,O
in,O
an,O
artifact,O
deck,O
include,O
:,O
affinity,O
(,O
for,O
artifacts,O
),O
,,O
improvise,O
,,O
bargain,O
,,O
craft,O
,,O
and,O
metalcraft,O
.,O

Some,O
subcategories,O
of,O
strategies,O
that,O
also,O
fall,O
under,O
the,O
artifact,O
umbrella,O
include,O
Treasure,B-ARTIFACT
,,O
equipment,O
,,O
and,O
vehicle,O
decks,O
.,O

And,O
naturally,O
,,O
since,O
artifacts,O
are,O
mostly,O
colorless,O
cards,O
,,O
and,O
include,O
some,O
of,O
the,O
biggest,O
design,O
mistakes,O
in,O
Magic,O
,,O
they,O
tend,O
to,O
produce,O
infinite,O
combos,O
quite,O
easily,O
.,O

Basalt,B-ARTIFACT
Monolith,I-ARTIFACT
,,O
Ashnod,B-ARTIFACT
's,I-ARTIFACT
Altar,I-ARTIFACT
,,O
and,O
Paradox,B-ARTIFACT
Engine,I-ARTIFACT
are,O
examples,O
that,O
made,O
the,O
list,O
for,O
their,O
combo,O
potential,O
,,O
and,O
there,O
are,O
plenty,O
of,O
others,O
that,O
didn,O
’,O
t,O
make,O
the,O
list,O
.,O

As,O
a,O
Matter,O
of,O
[,O
Arti,O
],O
Fact,O
Sol,B-ARTIFACT
Ring,I-ARTIFACT
Illustration,O
by,O
Nana,O
Qi,O
Turns,O
out,O
there,O
are,O
a,O
lot,O
of,O
artifacts,O
in,O
Magic,O
.,O

It,O
’,O
s,O
an,O
almost,O
Herculean,O
task,O
to,O
narrow,O
the,O
list,O
down,O
from,O
over,O
3,400,O
cards,O
,,O
and,O
then,O
rank,O
the,O
ones,O
remaining,O
from,O
worst,O
to,O
best,O
.,O

This,O
list,O
took,O
an,O
unbelievably,O
long,O
time,O
to,O
compile,O
,,O
and,O
I,O
still,O
guarantee,O
you,O
I,O
missed,O
one,O
or,O
two,O
.,O

But,O
now,O
I,O
pass,O
the,O
buck,O
to,O
you,O
!,O
Someone,O
out,O
there,O
has,O
an,O
artifact,O
in,O
mind,O
that,O
they,O
’,O
re,O
burning,O
to,O
add,O
to,O
this,O
list,O
,,O
and,O
there,O
were,O
plenty,O
of,O
others,O
that,O
came,O
close,O
.,O

If,O
you,O
have,O
a,O
compelling,O
reason,O
why,O
a,O
certain,O
card,O
should,O
be,O
represented,O
here,O
,,O
I,O
want,O
to,O
hear,O
it,O
!,O
Let,O
me,O
know,O
in,O
the,O
comments,O
or,O
in,O
the,O
Draftsim,O
Discord,O
.,O

Thank,O
you,O
for,O
making,O
Draftsim,O
your,O
#,O
1,O
stop,O
for,O
all,O
things,O
Magic,O
!,O
Timothy,O
Zaccagnino,O
Related,O
Posts,O
The,O
16,O
Best,O
Starter,O
Decks,O
Ranked,O
and,O
How,O
to,O
Upgrade,O
Them,O
Infinite,O
Combos,O
in,O
MTG,O
:,O
40,O
Awesome,O
Combos,O
to,O
Try,O
The,O
70,O
Best,O
Mana,O
Rocks,O
in,O
Magic,O
Ranked,O
